{
  "main": {
    "id": "ebf94c9e721c47d8",
    "type": "split",
    "children": [
      {
        "id": "93aaa8e1ecff1f22",
        "type": "tabs",
        "children": [
          {
            "id": "3b7191ccf60f3b1a",
            "type": "leaf",
            "state": {
              "type": "markdown",
              "state": {
                "file": "Saltmarsh Campaign.md",
                "mode": "source",
                "source": false
              }
            }
          }
        ]
      }
    ],
    "direction": "vertical"
  },
  "left": {
    "id": "721e5b78d77f8ac3",
    "type": "split",
    "children": [
      {
        "id": "b9f9dceeb2258ea3",
        "type": "tabs",
        "children": [
          {
            "id": "54ed2eadce25b576",
            "type": "leaf",
            "state": {
              "type": "file-explorer",
              "state": {
                "sortOrder": "alphabetical"
              }
            }
          },
          {
            "id": "384da2b26ee0536a",
            "type": "leaf",
            "state": {
              "type": "search",
              "state": {
                "query": "",
                "matchingCase": false,
                "explainSearch": false,
                "collapseAll": false,
                "extraContext": false,
                "sortOrder": "alphabetical"
              }
            }
          },
          {
            "id": "18c0e66c412aaf6f",
            "type": "leaf",
            "state": {
              "type": "bookmarks",
              "state": {}
            }
          }
        ]
      }
    ],
    "direction": "horizontal",
    "width": 300
  },
  "right": {
    "id": "faa5c87f32480106",
    "type": "split",
    "children": [
      {
        "id": "7f7dcd3e110de497",
        "type": "tabs",
        "children": [
          {
            "id": "718220b6c883d89b",
            "type": "leaf",
            "state": {
              "type": "backlink",
              "state": {
                "file": "Saltmarsh Campaign.md",
                "collapseAll": false,
                "extraContext": false,
                "sortOrder": "alphabetical",
                "showSearch": false,
                "searchQuery": "",
                "backlinkCollapsed": false,
                "unlinkedCollapsed": true
              }
            }
          },
          {
            "id": "a085febe8c996b8f",
            "type": "leaf",
            "state": {
              "type": "outgoing-link",
              "state": {
                "file": "Saltmarsh Campaign.md",
                "linksCollapsed": false,
                "unlinkedCollapsed": true
              }
            }
          }
        ]
      }
    ],
    "direction": "horizontal",
    "width": 307.5,
    "collapsed": true
  },
  "left-ribbon": {
    "hiddenItems": {
      "switcher:Open quick switcher": false,
      "graph:Open graph view": false,
      "canvas:Create new canvas": false,
      "command-palette:Open command palette": false,
      "markdown-importer:Open format converter": false,
      "templates:Insert template": false
    }
  },
  "active": "3b7191ccf60f3b1a",
  "lastOpenFiles": [
    "Saltmarsh Campaign.md",
    "Content/Erb Faskettel.md",
    "Content/Saltmarsh Swamp.md",
    "Content/Saltmarsh Cemetery.md",
    "Content/Lanis.md",
    "Content/Faithful Quartermasters of Iuz.md",
    "Content/Abbey Island.md",
    "Content",
    "Content/Manistrad Copperlocks.md",
    "Saltmarsh City Town Council.md",
    "Content/Eliander Fireborn.md",
    "Saltmarsh City.md",
    "Content/Shorty.md",
    "Content/Dreadwood.md",
    "Saltmarsh Region.md",
    "Content/Burle.md",
    "Content/Cleveland Faskettel.md",
    "Content/City Gate.md",
    "Content/King Kimbertos Skotti.md",
    "Content/Sea Princes.md",
    "Content/Dwarven Mine.md",
    "Content/Seaton.md",
    "Content/Sea Grove of Obad-Hai.md",
    "Content/Captain Xendros.md",
    "Content/Thousand Tooth.md",
    "Content/Collateral Damage.md",
    "Content/Winston's Store.md",
    "Content/Haunted Mansion.png",
    "Saltmarsh City Map.png",
    "Saltmarsh Region Map.jpg"
  ]
}